category,net_revenue,total_orders,total_units,average_order_value
Outerwear,179762.36,1006,2355,178.69021868787274
Clothing,122429.40000000001,1523,3585,80.38699934340119
Footwear,82345.31999999999,969,2267,84.97969040247678
Accessories,65567.77,1496,3511,43.828723262032085
