category,net_revenue,gross_revenue,total_discount,total_orders,total_units,revenue_share_pct,average_order_value,discount_rate
Outerwear,179762.36,194016.44999999998,14254.21,1006,2355,39.94,178.69,7.35
Clothing,122429.40000000001,131891.15,9461.87,1523,3585,27.2,80.39,7.17
Footwear,82345.31999999999,88597.33,6252.08,969,2267,18.29,84.98,7.06
Accessories,65567.77,70664.89,5097.03,1496,3511,14.57,43.83,7.21
