sales_channel,net_revenue,total_orders,total_units,average_order_value
Physical Store,199980.83,2219,5196,90.12205047318612
Online Store,182475.4,2021,4723,90.28965858485898
Marketplace,67648.62,754,1799,89.71965517241378
