city,net_revenue,total_orders,total_units
Glasgow,56858.2,591,1445
Leeds,54210.229999999996,606,1422
Birmingham,53356.03,559,1352
Bristol,50755.0,553,1305
Cardiff,50003.25,547,1280
Edinburgh,48748.14,536,1235
Liverpool,47429.979999999996,531,1251
Manchester,44324.58,533,1218
London,43840.63,532,1190
Unknown,578.81,6,20
